Ville;Continent
Athènes;Europe
Paris;Europe
Saint-Louis;Amérique du Nord
Londres;Europe
Stockholm;Europe
Berlin;Europe
Anvers;Europe
Chamonix-Mont-Blanc;Europe
Paris;Europe
Saint-Moritz;Europe
Amsterdam;Europe
Lake Placid;Amérique du Nord
Los Angeles;Amérique du Nord
Garmisch-Partenkirchen;Europe
Berlin;Europe
Sapporo;Asie
Garmisch-Partenkirchen;Europe
Tokyo;Asie
Helsinki;Europe
Cortina d'Ampezzo;Europe
Londres;Europe
Saint-Moritz;Europe
Londres;Europe
Oslo;Europe
Helsinki;Europe
Cortina d'Ampezzo;Europe
Melbourne;Océanie
Squaw Valley;Amérique du Nord
Rome;Europe
Innsbruck;Europe
Tokyo;Asie
Grenoble;Europe
Mexico;Amérique du Nord
Sapporo;Asie
Munich;Europe
Innsbruck;Europe
Montréal;Amérique du Nord
Lake Placid;Amérique du Nord
Moscou;Europe
Sarajevo;Europe
Los Angeles;Amérique du Nord
Calgary;Amérique du Nord
Séoul;Asie
Albertville;Europe
Barcelone;Europe
Lillehammer;Europe
Atlanta;Amérique du Nord
Nagano;Asie
Sydney;Océanie
Salt Lake City;Amérique du Nord
Athènes;Europe
Turin;Europe
Pékin;Asie
Vancouver;Amérique du Nord
Londres;Europe
Sotchi;Europe
Rio de Janeiro;Amérique du Sud
Pyeonchang;Asie
Tokyo;Asie
Pékin;Asie
Paris;Europe
Milan-Cortina d'Ampezzo;Europe
Los Angeles;Amérique du Nord
